EEID,Full Name,Job Title,Department,Country,City,Exit Date,,,
E03680,Elias Alvarado,Sr. Manger,IT,Brazil,Manaus,Employed,,,
E03484,Logan Rivera,Director,IT,Brazil,Rio de Janerio,Employed,,Row Labels,Count of Full Name
E04545,Abigail Mejia,Quality Engineer,Engineering,Brazil,Rio de Janerio,Employed,,Brazil,139
E00402,Dominic Guzman,Analyst,Finance,Brazil,Manaus,Employed,,China,218
E01417,Leah Pena,Enterprise Architect,IT,Brazil,Manaus,Employed,,United States,643
E00699,Ava Ayala,Sr. Manger,IT,Brazil,Manaus,Employed,,Grand Total,1000
E00502,Natalia Salazar,Sr. Analyst,Accounting,Brazil,Manaus,7/8/2020,,,
E00105,Isla Espinoza,Manager,Accounting,Brazil,Manaus,Employed,,,
E00791,Thomas Padilla,Vice President,Marketing,Brazil,Sao Paulo,Employed,,,
E01540,Miles Salazar,IT Coordinator,IT,Brazil,Sao Paulo,3/27/2014,,,
E00416,Everleigh Fernandez,Director,Engineering,Brazil,Manaus,12/21/2020,,,
E03440,Genesis Navarro,Cloud Infrastructure Architect,IT,Brazil,Manaus,Employed,,,
E00431,Eliza Hernandez,Network Architect,IT,Brazil,Rio de Janerio,Employed,,,
E00972,Amelia Salazar,Analyst II,Finance,Brazil,Sao Paulo,Employed,,,
E04931,Zoe Romero,Network Architect,IT,Brazil,Sao Paulo,Employed,,,
E04379,Scarlett Rodriguez,Sr. Analyst,Finance,Brazil,Manaus,Employed,,,
E01713,Nolan Guzman,Field Engineer,Engineering,Brazil,Sao Paulo,Employed,,,
E02464,Sophie Silva,Vice President,Engineering,Brazil,Rio de Janerio,Employed,,,
E02783,Levi Mendez,Vice President,Sales,Brazil,Rio de Janerio,Employed,,,
E03717,Joseph Ruiz,Field Engineer,Engineering,Brazil,Sao Paulo,Employed,,,
E02254,Jaxson Sandoval,Sr. Analyst,Sales,Brazil,Sao Paulo,Employed,,,
E04504,Jameson Alvarado,Enterprise Architect,IT,Brazil,Sao Paulo,Employed,,,
E00672,Mila Pena,Sr. Business Partner,Human Resources,Brazil,Manaus,Employed,,,
E02216,Caleb Marquez,IT Systems Architect,IT,Brazil,Rio de Janerio,Employed,,,
E02803,Eli Soto,Analyst,Marketing,Brazil,Rio de Janerio,Employed,,,
E01584,Carter Mejia,Sr. Manger,Human Resources,Brazil,Sao Paulo,Employed,,,
E03520,Nolan Pena,Analyst,Marketing,Brazil,Sao Paulo,Employed,,Row Labels,Count of Department
E00725,Nova Herrera,Account Representative,Sales,Brazil,Sao Paulo,Employed,,Brazil,139
E01409,Jose Molina,Controls Engineer,Engineering,Brazil,Manaus,Employed,,Manaus,42
E03904,Hunter Ortiz,Sr. Analyst,Finance,Brazil,Rio de Janerio,Employed,,Rio de Janerio,44
E04742,Kinsley Vega,Vice President,Accounting,Brazil,Rio de Janerio,Employed,,Sao Paulo,53
E02844,Charles Diaz,Sr. Manger,Sales,Brazil,Sao Paulo,Employed,,China,218
E00119,Jack Maldonado,Director,Engineering,Brazil,Sao Paulo,9/25/2020,,Beijing,55
E02810,Layla Torres,Sr. Manger,Finance,Brazil,Rio de Janerio,Employed,,Chengdu,46
E00842,John Vega,Vice President,Finance,Brazil,Rio de Janerio,Employed,,Chongqing,65
E01271,Luke Munoz,Director,Engineering,Brazil,Manaus,Employed,,Shanghai,52
E03664,Aria Castro,Engineering Manager,Engineering,Brazil,Rio de Janerio,Employed,,United States,643
E04167,Henry Alvarez,Sr. Business Partner,Human Resources,Brazil,Manaus,Employed,,Austin,99
E04103,Isabella Soto,Vice President,Finance,Brazil,Sao Paulo,Employed,,Chicago,92
E01525,Charlotte Ruiz,Computer Systems Manager,IT,Brazil,Rio de Janerio,Employed,,Columbus,113
E02555,Landon Lopez,Sr. Analyst,Accounting,Brazil,Sao Paulo,Employed,,Miami,112
E02062,Nora Santiago,Analyst,Accounting,Brazil,Rio de Janerio,Employed,,Phoenix,109
E00034,Caroline Herrera,Sr. Manger,Marketing,Brazil,Rio de Janerio,Employed,,Seattle,118
E03438,Asher Morales,Automation Engineer,Engineering,Brazil,Sao Paulo,Employed,,Grand Total,1000
E00078,Eva Garcia,HRIS Analyst,Human Resources,Brazil,Manaus,Employed,,,
E04037,Roman Martinez,Sr. Manger,Finance,Brazil,Manaus,Employed,,,
E04029,Jayden Jimenez,Manager,Human Resources,Brazil,Rio de Janerio,Employed,,,
E02147,Allison Medina,Manager,Finance,Brazil,Sao Paulo,Employed,,,
E03972,Jordan Gomez,Sr. Analyst,Accounting,Brazil,Rio de Janerio,10/3/2016,,,
E02189,Isla Chavez,Account Representative,Sales,Brazil,Rio de Janerio,Employed,,,
E01924,Anna Gutierrez,Director,Engineering,Brazil,Sao Paulo,Employed,,,
E00788,Emily Contreras,Analyst II,Sales,Brazil,Sao Paulo,Employed,,,
E02693,Grace Campos,Director,Engineering,Brazil,Manaus,Employed,,,
E03359,Autumn Ortiz,Field Engineer,Engineering,Brazil,Sao Paulo,Employed,,,
E00900,Eleanor Delgado,Sr. Analyst,Marketing,Brazil,Sao Paulo,Employed,,,
E02284,Josephine Salazar,Field Engineer,Engineering,Brazil,Sao Paulo,Employed,,,
E04168,Mila Juarez,Manager,Sales,Brazil,Sao Paulo,Employed,,,
E01241,Hadley Guerrero,Sr. Manger,IT,Brazil,Sao Paulo,Employed,,,
E03802,Thomas Vazquez,Director,Engineering,Brazil,Sao Paulo,Employed,,,
E02632,Alice Soto,Analyst,Accounting,Brazil,Manaus,Employed,,,
E02730,Axel Soto,Quality Engineer,Engineering,Brazil,Rio de Janerio,Employed,,,
E02895,Mila Soto,Director,Finance,Brazil,Manaus,Employed,,,
E02678,Nicholas Rivera,Director,Engineering,Brazil,Sao Paulo,Employed,,,
E00268,Ian Flores,Director,Engineering,Brazil,Rio de Janerio,Employed,,,
E04155,Dylan Dominguez,Sr. Analyst,Marketing,Brazil,Rio de Janerio,Employed,,,
E04811,Athena Vasquez,Field Engineer,Engineering,Brazil,Rio de Janerio,Employed,,,
E03404,Everleigh Nunez,Field Engineer,Engineering,Brazil,Manaus,Employed,,,
E01845,Leo Fernandez,Manager,Finance,Brazil,Sao Paulo,5/15/2004,,,
E00145,Alexander Rivera,Sr. Analyst,Sales,Brazil,Manaus,Employed,,,
E04448,Adrian Ruiz,Sr. Analyst,Finance,Brazil,Sao Paulo,8/11/2017,,,
E04817,Zoe Sanchez,Sr. Analyst,Accounting,Brazil,Sao Paulo,Employed,,,
E00096,Peyton Cruz,Development Engineer,Engineering,Brazil,Sao Paulo,Employed,,,
E01760,Madeline Acosta,Sr. Account Representative,Sales,Brazil,Sao Paulo,Employed,,,
E01075,Joshua Juarez,Analyst II,Finance,Brazil,Sao Paulo,Employed,,,
E04108,Jade Figueroa,Sr. Analyst,Sales,Brazil,Rio de Janerio,Employed,,,
E02917,Everett Morales,Solutions Architect,IT,Brazil,Rio de Janerio,Employed,,,
E03393,Henry Figueroa,Sr. Manger,Finance,Brazil,Manaus,Employed,,,
E03889,Caleb Flores,Manager,Human Resources,Brazil,Rio de Janerio,Employed,,,
E01423,James Castillo,Vice President,IT,Brazil,Manaus,Employed,,,
E03354,Silas Estrada,IT Systems Architect,IT,Brazil,Rio de Janerio,Employed,,,
E00972,Hazel Cortez,HRIS Analyst,Human Resources,Brazil,Sao Paulo,Employed,,,
E03370,Ian Cortez,Analyst II,Marketing,Brazil,Rio de Janerio,Employed,,,
E03160,Carter Ortiz,Quality Engineer,Engineering,Brazil,Sao Paulo,Employed,,,
E01724,Nolan Molina,Computer Systems Manager,IT,Brazil,Manaus,Employed,,,
E03805,Autumn Gonzales,Analyst II,Sales,Brazil,Manaus,Employed,,,
E01407,Ellie Guerrero,Sr. Manger,Human Resources,Brazil,Manaus,Employed,,,
E02063,Ian Gutierrez,Sr. Business Partner,Human Resources,Brazil,Rio de Janerio,Employed,,,
E00184,Kayden Ortega,Analyst,Accounting,Brazil,Rio de Janerio,Employed,,,
E02899,Joshua Cortez,Sr. Manger,Finance,Brazil,Manaus,Employed,,,
E04952,Paisley Gomez,Sr. Analyst,Sales,Brazil,Rio de Janerio,Employed,,,
E01432,Peyton Garza,Systems Analyst,IT,Brazil,Manaus,Employed,,,
E00276,Kennedy Romero,Engineering Manager,Engineering,Brazil,Rio de Janerio,Employed,,,
E01883,Isla Guzman,Sr. Manger,Accounting,Brazil,Rio de Janerio,Employed,,,
E00701,Madeline Garcia,Sr. Business Partner,Human Resources,Brazil,Rio de Janerio,Employed,,,
E01347,Aiden Gonzales,Vice President,Marketing,Brazil,Sao Paulo,Employed,,,
E01422,Lydia Espinoza,Sr. Manger,Marketing,Brazil,Sao Paulo,Employed,,,
E02192,Lucy Avila,Solutions Architect,IT,Brazil,Sao Paulo,Employed,,,
E00717,Kennedy Vargas,Business Partner,Human Resources,Brazil,Manaus,12/6/2009,,,
E01649,Eva Alvarado,Computer Systems Manager,IT,Brazil,Sao Paulo,Employed,,,
E00955,Theodore Marquez,Development Engineer,Engineering,Brazil,Sao Paulo,Employed,,,
E02391,Natalia Santos,Vice President,Human Resources,Brazil,Sao Paulo,Employed,,,
E00494,Robert Alvarez,Service Desk Analyst,IT,Brazil,Manaus,Employed,,,
E00634,Samantha Chavez,Sr. Analyst,Sales,Brazil,Manaus,7/17/2020,,,
E04683,Ezekiel Delgado,Director,Engineering,Brazil,Manaus,Employed,,,
E02800,Eva Estrada,Sr. Manger,Sales,Brazil,Sao Paulo,Employed,,,
E04926,Emma Luna,Field Engineer,Engineering,Brazil,Manaus,Employed,,,
E02649,Charles Gonzalez,Quality Engineer,Engineering,Brazil,Rio de Janerio,Employed,,,
E00518,Lydia Morales,Manager,Finance,Brazil,Manaus,Employed,,,
E04564,Luke Sanchez,Sr. Manger,Human Resources,Brazil,Sao Paulo,Employed,,,
E02024,Addison Perez,Operations Engineer,Engineering,Brazil,Sao Paulo,Employed,,,
E03521,Jackson Navarro,Director,Sales,Brazil,Sao Paulo,Employed,,,
E01508,Penelope Rodriguez,Engineering Manager,Engineering,Brazil,Rio de Janerio,Employed,,,
E00862,Levi Moreno,Systems Analyst,IT,Brazil,Manaus,Employed,,,
E00035,Lillian Gonzales,Cloud Infrastructure Architect,IT,Brazil,Manaus,Employed,,,
E02535,Caroline Perez,Controls Engineer,Engineering,Brazil,Sao Paulo,Employed,,,
E01943,Vivian Espinoza,Sr. Manger,Sales,Brazil,Rio de Janerio,5/23/2019,,,
E03240,Aiden Silva,Vice President,IT,Brazil,Manaus,Employed,,,
E00568,Ian Vargas,Analyst,Sales,Brazil,Rio de Janerio,Employed,,,
E00447,Hailey Sanchez,Vice President,Marketing,Brazil,Manaus,Employed,,,
E02968,Caroline Santos,Analyst II,Finance,Brazil,Sao Paulo,Employed,,,
E02047,Xavier Perez,Sr. Analyst,Sales,Brazil,Rio de Janerio,Employed,,,
E02563,Clara Sanchez,Controls Engineer,Engineering,Brazil,Rio de Janerio,Employed,,,
E03159,Claire Romero,Vice President,Marketing,Brazil,Manaus,Employed,,,
E00102,Riley Rojas,Network Architect,IT,Brazil,Rio de Janerio,Employed,,,
E01264,Hazel Alvarez,Business Partner,Human Resources,Brazil,Sao Paulo,Employed,,,
E00943,Elena Mendoza,Director,Sales,Brazil,Sao Paulo,Employed,,,
E02193,Josephine Acosta,Director,Human Resources,Brazil,Manaus,Employed,,,
E00577,Nora Nunez,Analyst II,Finance,Brazil,Sao Paulo,Employed,,,
E02889,Mia Herrera,Director,Marketing,Brazil,Manaus,Employed,,,
E04163,David Herrera,Engineering Manager,Engineering,Brazil,Rio de Janerio,Employed,,,
E01652,Avery Dominguez,Sr. Manger,Sales,Brazil,Rio de Janerio,Employed,,,
E03102,Cooper Valdez,Manager,Sales,Brazil,Sao Paulo,Employed,,,
E04562,Kinsley Martinez,Director,Human Resources,Brazil,Sao Paulo,Employed,,,
E02554,Joshua Ramirez,Vice President,Human Resources,Brazil,Sao Paulo,Employed,,,
E02888,Elijah Ramos,Sr. Manger,IT,Brazil,Rio de Janerio,Employed,,,
E02561,Samantha Vargas,Director,Human Resources,Brazil,Sao Paulo,Employed,,,
E02221,Julian Delgado,Systems Analyst,IT,Brazil,Rio de Janerio,Employed,,,
E02627,Parker Avila,Analyst II,Marketing,Brazil,Manaus,Employed,,,
E03430,Leo Herrera,Sr. Business Partner,Human Resources,Brazil,Manaus,11/27/2004,,,
E04105,Theodore Dinh,Technical Architect,IT,China,Chongqing,Employed,,,
E00644,Joshua Gupta,Account Representative,Sales,China,Chongqing,Employed,,,
E04239,Everleigh Ng,Sr. Manger,Finance,China,Shanghai,Employed,,,
E04625,Adam Dang,Director,Sales,China,Chongqing,Employed,,,
E02071,Mateo Her,Vice President,Sales,China,Chongqing,Employed,,,
E03343,Carson Lu,Engineering Manager,Engineering,China,Beijing,Employed,,,
E00304,Dylan Choi,Vice President,IT,China,Beijing,Employed,,,
E03549,Mateo Vu,Account Representative,Sales,China,Chongqing,Employed,,,
E04152,Adeline Huang,Controls Engineer,Engineering,China,Chengdu,Employed,,,
E01754,Owen Lam,Sr. Business Partner,Human Resources,China,Chengdu,7/16/2017,,,
E04600,William Vu,Account Representative,Sales,China,Shanghai,Employed,,,
E02862,Peyton Huang,Sr. Manger,IT,China,Beijing,Employed,,,
E00716,John Chow,Sr. Manger,Marketing,China,Chengdu,Employed,,,
E04474,Mila Hong,Test Engineer,Engineering,China,Chongqing,10/8/2017,,,
E03417,Benjamin Moua,Computer Systems Manager,IT,China,Chongqing,Employed,,,
E01516,Willow Mai,Business Partner,Human Resources,China,Chengdu,Employed,,,
E01234,Jack Cheng,Director,Human Resources,China,Beijing,Employed,,,
E00440,Jack Huynh,Manager,Marketing,China,Chongqing,12/22/2019,,,
E00595,Everly Chow,Sr. Manger,Finance,China,Beijing,Employed,,,
E04568,Rylee Yu,Vice President,Finance,China,Beijing,Employed,,,
E00443,Nolan Bui,Computer Systems Manager,IT,China,Shanghai,Employed,,,
E03816,Leilani Chow,Director,Human Resources,China,Beijing,Employed,,,
E03047,Gabriella Gupta,Sr. Account Representative,Sales,China,Shanghai,Employed,,,
E04903,Skylar Liu,Director,IT,China,Chengdu,Employed,,,
E02872,Liam Jung,Manager,Finance,China,Chengdu,Employed,,,
E00013,Elena Vang,Analyst,Finance,China,Beijing,Employed,,,
E04769,Mila Leung,Sr. Analyst,Marketing,China,Beijing,Employed,,,
E00527,Mateo Chu,Field Engineer,Engineering,China,Chengdu,Employed,,,
E01095,Isla Lai,Vice President,Finance,China,Shanghai,Employed,,,
E03849,Evelyn Jung,Analyst,Sales,China,Beijing,Employed,,,
E03737,Kennedy Rahman,Vice President,Human Resources,China,Chongqing,Employed,,,
E02939,Julian Fong,Quality Engineer,Engineering,China,Chongqing,Employed,,,
E02706,Nevaeh Kang,Automation Engineer,Engineering,China,Chengdu,Employed,,,
E00130,Paisley Kang,Vice President,Human Resources,China,Beijing,Employed,,,
E02094,Matthew Gupta,Network Engineer,IT,China,Beijing,Employed,,,
E04682,Colton Thao,Manager,Human Resources,China,Chongqing,Employed,,,
E01499,Elias Zhang,Solutions Architect,IT,China,Beijing,Employed,,,
E04449,Miles Hsu,Analyst II,Finance,China,Chengdu,Employed,,,
E02283,Jaxon Park,Network Architect,IT,China,Chengdu,Employed,,,
E03394,Joseph Ly,Vice President,Marketing,China,Chongqing,Employed,,,
E04618,Mason Zhao,Technical Architect,IT,China,Chongqing,Employed,,,
E01546,Maria Hong,Vice President,Finance,China,Chongqing,Employed,,,
E01631,Leilani Yee,Sr. Analyst,Marketing,China,Chengdu,Employed,,,
E03269,Charlotte Chu,Network Engineer,IT,China,Chengdu,Employed,,,
E01037,Jeremiah Chu,IT Systems Architect,IT,China,Shanghai,Employed,,,
E00671,Miles Cho,Systems Analyst,IT,China,Beijing,Employed,,,
E03560,Ayla Ng,Account Representative,Sales,China,Beijing,Employed,,,
E00769,Jose Kang,Engineering Manager,Engineering,China,Shanghai,Employed,,,
E01002,Elias Ali,Manager,Sales,China,Shanghai,Employed,,,
E00752,Luna Liu,Vice President,Sales,China,Shanghai,Employed,,,
E02761,Luca Duong,Manager,Human Resources,China,Chengdu,Employed,,,
E01986,Wesley Sharma,Manager,IT,China,Shanghai,Employed,,,
E01484,Anna Zhu,Service Desk Analyst,IT,China,Beijing,Employed,,,
E04802,Lucy Fong,Sr. Account Representative,Sales,China,Chengdu,Employed,,,
E03252,James Bui,Manager,Finance,China,Chongqing,Employed,,,
E03547,Owen Han,Analyst,Accounting,China,Chongqing,Employed,,,
E01687,Luke Mai,HRIS Analyst,Human Resources,China,Beijing,Employed,,,
E04890,Eleanor Chan,Sr. Manger,Accounting,China,Shanghai,Employed,,,
E04112,Axel Chu,Systems Analyst,IT,China,Beijing,Employed,,,
E01403,Xavier Park,Vice President,IT,China,Chengdu,Employed,,,
E04136,Mason Cao,Analyst II,Finance,China,Beijing,Employed,,,
E02944,Joshua Fong,Vice President,Engineering,China,Beijing,Employed,,,
E03300,Maria Chin,Analyst,Marketing,China,Beijing,Employed,,,
E02252,Lillian Park,Analyst,Marketing,China,Chengdu,11/10/2021,,,
E03096,Kennedy Zhang,Director,Finance,China,Chongqing,Employed,,,
E04800,Eli Han,Sr. Analyst,Accounting,China,Chengdu,Employed,,,
E02838,Julia Pham,Engineering Manager,Engineering,China,Shanghai,Employed,,,
E02980,Hailey Shin,Director,Human Resources,China,Shanghai,Employed,,,
E01638,Maria He,IT Systems Architect,IT,China,Beijing,10/3/2020,,,
E03419,Jade Yi,Account Representative,Sales,China,Chongqing,Employed,,,
E02038,Ellie Chung,Sr. Manger,Marketing,China,Chongqing,Employed,,,
E01116,Jaxon Tran,Sr. Manger,Sales,China,Shanghai,Employed,,,
E00365,Jonathan Patel,Manager,Marketing,China,Shanghai,Employed,,,
E04567,Madeline Hoang,Systems Analyst,IT,China,Chengdu,Employed,,,
E03167,Luke Zheng,Director,Human Resources,China,Beijing,Employed,,,
E03347,Rylee Dinh,Development Engineer,Engineering,China,Chongqing,Employed,,,
E04816,Jace Zhang,Service Desk Analyst,IT,China,Chengdu,Employed,,,
E00432,Eli Gupta,Director,Human Resources,China,Beijing,Employed,,,
E02770,Liliana Do,Service Desk Analyst,IT,China,Chengdu,Employed,,,
E01977,Raelynn Gupta,Sr. Manger,Finance,China,Chongqing,Employed,,,
E00207,Hailey Lai,Vice President,Human Resources,China,Chengdu,Employed,,,
E02652,Nathan Sun,Manager,Accounting,China,Shanghai,Employed,,,
E02971,Mia Wu,Enterprise Architect,IT,China,Beijing,Employed,,,
E03327,Julia Luong,Sr. Manger,Accounting,China,Chongqing,Employed,,,
E03854,Camila Li,Sr. Manger,IT,China,Shanghai,Employed,,,
E04729,Ezekiel Fong,Vice President,Sales,China,Shanghai,Employed,,,
E00181,Genesis Hu,Sr. Analyst,Marketing,China,Beijing,1/2/2003,,,
E03090,Penelope Choi,Technical Architect,IT,China,Beijing,Employed,,,
E00500,Henry Shah,Director,Accounting,China,Chengdu,Employed,,,
E02728,Thomas Chang,Sr. Analyst,Accounting,China,Beijing,Employed,,,
E01014,Lucas Phan,Director,Marketing,China,Chongqing,Employed,,,
E04529,Gabriel Yu,Technical Architect,IT,China,Chongqing,Employed,,,
E00632,Angel Chang,Network Architect,IT,China,Shanghai,Employed,,,
E03429,Ian Wu,Sr. Analyst,Marketing,China,Chengdu,Employed,,,
E04962,Elena Tan,Vice President,Engineering,China,Chongqing,12/11/2019,,,
E03893,Alice Xiong,Vice President,Engineering,China,Chengdu,Employed,,,
E03277,Caroline Hu,Sr. Manger,Marketing,China,Shanghai,Employed,,,
E04194,Madison Kumar,Director,Accounting,China,Chengdu,Employed,,,
E04041,Clara Huynh,IT Coordinator,IT,China,Shanghai,Employed,,,
E01052,Jaxson Dinh,Sr. Manger,Marketing,China,Shanghai,12/26/2011,,,
E04165,Sophie Vang,Sr. Manger,Marketing,China,Chongqing,Employed,,,
E00650,Emery Chang,Business Partner,Human Resources,China,Chengdu,Employed,,,
E00344,Savannah He,Director,IT,China,Beijing,Employed,,,
E00965,Jacob Khan,Computer Systems Manager,IT,China,Shanghai,Employed,,,
E03058,Angel Xiong,Vice President,IT,China,Shanghai,Employed,,,
E02337,Emma Cao,Analyst,Accounting,China,Chongqing,Employed,,,
E04538,Adeline Yang,Cloud Infrastructure Architect,IT,China,Chongqing,Employed,,,
E00758,Jonathan Khan,Account Representative,Sales,China,Shanghai,Employed,,,
E03750,Elias Dang,Director,Engineering,China,Chengdu,Employed,,,
E00144,Theodore Ngo,Controls Engineer,Engineering,China,Beijing,Employed,,,
E03901,Luca Truong,Director,Marketing,China,Chongqing,Employed,,,
E03849,Harper Chin,Quality Engineer,Engineering,China,Shanghai,Employed,,,
E04784,Joshua Lin,Technical Architect,IT,China,Beijing,Employed,,,
E02185,Aubrey Yoon,Sr. Business Partner,Human Resources,China,Chongqing,Employed,,,
E03807,Noah Chen,Sr. Manger,Marketing,China,Beijing,Employed,,,
E00784,Ella Nguyen,Service Desk Analyst,IT,China,Chongqing,Employed,,,
E00325,Jameson Chen,Vice President,Marketing,China,Shanghai,Employed,,,
E01870,Carson Chau,Director,Finance,China,Chongqing,Employed,,,
E02313,Jeremiah Lu,Network Architect,IT,China,Shanghai,Employed,,,
E00826,Rylee Bui,Analyst,Accounting,China,Chongqing,Employed,,,
E02613,John Jung,Sr. Analyst,Sales,China,Shanghai,Employed,,,
E01262,Miles Mehta,Manager,Finance,China,Chongqing,Employed,,,
E02977,Nicholas Song,Analyst II,Marketing,China,Chengdu,11/30/2015,,,
E02473,Leonardo Lo,Quality Engineer,Engineering,China,Chongqing,Employed,,,
E02103,Andrew Ma,HRIS Analyst,Human Resources,China,Chongqing,Employed,,,
E04213,Hailey Xi,Manager,Accounting,China,Chongqing,Employed,,,
E04114,Christopher Lim,Director,IT,China,Shanghai,Employed,,,
E03181,Greyson Dang,Development Engineer,Engineering,China,Beijing,Employed,,,
E04403,Dominic Hu,Manager,Accounting,China,Shanghai,Employed,,,
E04487,Audrey Hwang,Sr. Analyst,Accounting,China,Beijing,Employed,,,
E01371,Dominic Le,Vice President,Marketing,China,Chongqing,Employed,,,
E01377,Grayson Luu,Quality Engineer,Engineering,China,Shanghai,Employed,,,
E01668,Naomi Xi,Director,Finance,China,Chongqing,Employed,,,
E03402,Isaac Liu,Field Engineer,Engineering,China,Chongqing,Employed,,,
E02534,Leah Khan,Director,Marketing,China,Chongqing,Employed,,,
E03059,Hailey Dang,Manager,Marketing,China,Shanghai,Employed,,,
E02477,Amelia Bui,Director,Engineering,China,Chengdu,Employed,,,
E00022,Elena Her,Account Representative,Sales,China,Chongqing,Employed,,,
E00555,Christian Ali,Analyst II,Marketing,China,Chongqing,Employed,,,
E03919,Grayson Chan,Engineering Manager,Engineering,China,Chengdu,Employed,,,
E04087,Adam Kaur,Manager,IT,China,Chengdu,Employed,,,
E01712,James Singh,Director,Marketing,China,Chongqing,Employed,,,
E00530,Naomi Chu,Sr. Manger,Sales,China,Chongqing,Employed,,,
E02492,Sebastian Gupta,Sr. Analyst,Marketing,China,Chongqing,5/9/2019,,,
E01733,Eloise Pham,Manager,Sales,China,Shanghai,Employed,,,
E02420,Madison Li,Director,Marketing,China,Beijing,9/22/2017,,,
E04277,Zoe Do,Analyst II,Sales,China,Beijing,Employed,,,
E02881,Leilani Sharma,Sr. Analyst,Accounting,China,Chengdu,Employed,,,
E02770,James Huang,Manager,Human Resources,China,Beijing,Employed,,,
E03465,Harper Phan,Analyst II,Finance,China,Shanghai,Employed,,,
E03064,Lincoln Fong,Analyst II,Sales,China,Chongqing,5/1/2021,,,
E03273,Daniel Shah,Analyst II,Sales,China,Beijing,Employed,,,
E01387,Cora Zheng,Director,IT,China,Chengdu,Employed,,,
E01638,Elizabeth Huang,Analyst,Finance,China,Beijing,Employed,,,
E01193,Raelynn Lu,Director,Finance,China,Chongqing,12/12/2020,,,
E01789,Charles Luu,Sr. Manger,Sales,China,Shanghai,6/3/2022,,,
E02846,Julia Mai,Manager,Marketing,China,Shanghai,Employed,,,
E03349,Adam He,Director,Accounting,China,Beijing,Employed,,,
E03683,Raelynn Hong,Director,Marketing,China,Beijing,Employed,,,
E00206,Theodore Xi,Manager,Finance,China,Shanghai,Employed,,,
E02066,Grayson Yee,Manager,Human Resources,China,Beijing,Employed,,,
E03364,Audrey Lee,Development Engineer,Engineering,China,Chongqing,Employed,,,
E02984,Jack Mai,Sr. Analyst,Marketing,China,Chengdu,Employed,,,
E04699,Ivy Tang,Development Engineer,Engineering,China,Shanghai,5/9/2018,,,
E04969,Abigail Vang,Operations Engineer,Engineering,China,Chengdu,Employed,,,
E04157,William Cao,Sr. Analyst,Marketing,China,Beijing,Employed,,,
E03528,Leo Hsu,Sr. Manger,Human Resources,China,Chongqing,Employed,,,
E04415,Penelope Fong,Director,Accounting,China,Chongqing,Employed,,,
E01268,Charlotte Wu,Sr. Business Partner,Human Resources,China,Shanghai,Employed,,,
E04853,Vivian Chu,Sr. Account Representative,Sales,China,Shanghai,Employed,,,
E00951,Everly Lin,Business Partner,Human Resources,China,Chongqing,Employed,,,
E01706,Avery Sun,Operations Engineer,Engineering,China,Chongqing,Employed,,,
E01895,Gabriel Zhou,IT Coordinator,IT,China,Chongqing,Employed,,,
E01396,Jack Vu,Analyst II,Accounting,China,Chengdu,Employed,,,
E01941,Quinn Trinh,Analyst II,Sales,China,Beijing,12/25/2014,,,
E04189,Ariana Kim,Network Architect,IT,China,Chengdu,Employed,,,
E00324,Hailey Song,Manager,Finance,China,Chongqing,Employed,,,
E02033,Grace Sun,Director,Finance,China,Shanghai,Employed,,,
E02639,Sebastian Le,Analyst,Finance,China,Beijing,Employed,,,
E02720,Jaxon Fong,Sr. Analyst,Sales,China,Beijing,Employed,,,
E02428,Connor Luu,Computer Systems Manager,IT,China,Chengdu,Employed,,,
E00342,Wesley Doan,Manager,Finance,China,Shanghai,Employed,,,
E02576,Gianna Ha,Manager,IT,China,Chongqing,Employed,,,
E01755,Audrey Patel,Sr. Manger,Finance,China,Shanghai,3/16/2016,,,
E00465,Brooklyn Cho,Technical Architect,IT,China,Chengdu,Employed,,,
E01242,Emery Doan,Controls Engineer,Engineering,China,Shanghai,Employed,,,
E03332,Ruby Sun,Cloud Infrastructure Architect,IT,China,Shanghai,Employed,,,
E01388,Cooper Gupta,Business Partner,Human Resources,China,Chongqing,Employed,,,
E04636,Hailey Yee,Account Representative,Sales,China,Chongqing,Employed,,,
E02938,John Trinh,Director,Marketing,China,Shanghai,Employed,,,
E00555,Sofia Trinh,Network Architect,IT,China,Chongqing,Employed,,,
E00089,Sofia Yoon,Sr. Manger,Human Resources,China,Shanghai,Employed,,,
E02035,Eli Rahman,Service Desk Analyst,IT,China,Chengdu,Employed,,,
E03611,Alice Mehta,Analyst II,Sales,China,Beijing,Employed,,,
E03519,Eliza Zheng,Computer Systems Manager,IT,China,Chongqing,Employed,,,
E01967,John Dang,Director,Sales,China,Chongqing,Employed,,,
E01125,Joshua Yang,Network Engineer,IT,China,Shanghai,Employed,,,
E00508,Thomas Jung,Sr. Analyst,Accounting,China,Shanghai,Employed,,,
E01225,Christian Fong,Manager,Sales,China,Beijing,2/4/2020,,,
E02848,Lincoln Huynh,System Administrator ,IT,China,Chongqing,Employed,,,
E02453,Dylan Kumar,Sr. Analyst,Marketing,China,Chongqing,Employed,,,
E04035,Hailey Lai,Sr. Manger,Finance,China,Beijing,Employed,,,
E03457,Ivy Desai,Controls Engineer,Engineering,China,Shanghai,Employed,,,
E01300,Sadie Lee,Sr. Manger,Marketing,China,Chengdu,Employed,,,
E04670,Angel Do,IT Systems Architect,IT,China,Beijing,Employed,,,
E02363,Eliza Liang,Sr. Manger,Human Resources,China,Beijing,Employed,,,
E03718,Zoe Zhou,Manager,Finance,China,Beijing,Employed,,,
E01611,Gabriella Zhu,Computer Systems Manager,IT,China,Chongqing,Employed,,,
E03305,Cooper Jiang,Analyst II,Accounting,China,Chongqing,3/2/2021,,,
E03858,John Cho,Director,Human Resources,China,Chengdu,Employed,,,
E03778,Luke Vu,Sr. Manger,Marketing,China,Shanghai,Employed,,,
E02661,Maya Chan,Controls Engineer,Engineering,China,Beijing,Employed,,,
E00785,Hannah Hoang,Manager,Accounting,China,Chengdu,Employed,,,
E02703,Austin Vang,Manager,Marketing,China,Beijing,3/14/2019,,,
E02191,Maria Sun,Director,Sales,China,Chengdu,Employed,,,
E04032,Emery Zhang,Field Engineer,Engineering,China,Beijing,Employed,,,
E01909,Lillian Khan,Analyst,Finance,China,Chengdu,1/8/2018,,,
E02521,Lily Nguyen,Sr. Analyst,Finance,China,Chengdu,Employed,,,
E02387,Emily Davis,Sr. Manger,IT,United States,Seattle,10/16/2021,,,
E02572,Luna Sanders,Director,Finance,United States,Chicago,Employed,,,
E02832,Penelope Jordan,Computer Systems Manager,IT,United States,Chicago,Employed,,,
E01639,Austin Vo,Sr. Analyst,Finance,United States,Phoenix,Employed,,,
E01550,Ruby Barnes,Manager,IT,United States,Phoenix,Employed,,,
E04332,Luke Martin,Analyst,Finance,United States,Miami,5/20/2021,,,
E04533,Easton Bailey,Manager,Accounting,United States,Austin,Employed,,,
E03838,Madeline Walker,Sr. Analyst,Finance,United States,Chicago,Employed,,,
E00591,Savannah Ali,Sr. Manger,Human Resources,United States,Miami,Employed,,,
E03344,Camila Rogers,Controls Engineer,Engineering,United States,Seattle,Employed,,,
E00530,Eli Jones,Manager,Human Resources,United States,Austin,Employed,,,
E03496,Robert Yang,Sr. Analyst,Accounting,United States,Austin,3/9/2020,,,
E00549,Isabella Xi,Vice President,Marketing,United States,Seattle,Employed,,,
E00163,Bella Powell,Director,Finance,United States,Phoenix,Employed,,,
E00884,Camila Silva,Sr. Manger,Marketing,United States,Seattle,Employed,,,
E04116,David Barnes,Director,IT,United States,Columbus,Employed,,,
E04732,Eva Rivera,Director,Sales,United States,Miami,Employed,,,
E00671,Leonardo Dixon,Analyst,Sales,United States,Seattle,Employed,,,
E02206,Jose Henderson,Director,Human Resources,United States,Columbus,Employed,,,
E00154,Wyatt Chin,Vice President,Engineering,United States,Seattle,Employed,,,
E02594,Ezekiel Kumar,IT Coordinator,IT,United States,Columbus,Employed,,,
E01994,Angel Powell,Analyst II,Sales,United States,Seattle,Employed,,,
E03247,Caroline Jenkins,Analyst,Finance,United States,Chicago,Employed,,,
E02074,Nora Brown,Enterprise Architect,IT,United States,Austin,Employed,,,
E01628,Jackson Perry,Vice President,Marketing,United States,Phoenix,Employed,,,
E04285,Riley Padilla,Technical Architect,IT,United States,Miami,Employed,,,
E03749,Kennedy Foster,Manager,Marketing,United States,Austin,Employed,,,
E03574,John Moore,Vice President,IT,United States,Seattle,Employed,,,
E00586,Sadie Washington,Sr. Manger,Marketing,United States,Phoenix,Employed,,,
E03538,Gabriel Holmes,Enterprise Architect,IT,United States,Seattle,Employed,,,
E02185,Wyatt Rojas,Computer Systems Manager,IT,United States,Austin,Employed,,,
E03830,Eva Coleman,Director,IT,United States,Seattle,Employed,,,
E03720,Dominic Clark,Quality Engineer,Engineering,United States,Phoenix,Employed,,,
E03025,Lucy Alexander,Director,Engineering,United States,Seattle,Employed,,,
E04917,Everleigh Washington,HRIS Analyst,Human Resources,United States,Phoenix,Employed,,,
E00415,Leilani Butler,Analyst II,Marketing,United States,Phoenix,Employed,,,
E04207,John Contreras,Analyst II,Marketing,United States,Columbus,Employed,,,
E02139,Rylee Yu,Director,Accounting,United States,Seattle,Employed,,,
E01797,Piper Lewis,Field Engineer,Engineering,United States,Chicago,Employed,,,
E01839,Stella Alexander,Automation Engineer,Engineering,United States,Chicago,Employed,,,
E01633,Addison Do,Operations Engineer,Engineering,United States,Columbus,Employed,,,
E01848,Zoey Jackson,Business Partner,Human Resources,United States,Miami,Employed,,,
E04000,Skylar Carrillo,Engineering Manager,Engineering,United States,Austin,6/24/2021,,,
E02112,Christian Sanders,Vice President,Human Resources,United States,Seattle,Employed,,,
E03824,Penelope Coleman,Analyst,Finance,United States,Miami,Employed,,,
E03906,Piper Richardson,Sr. Analyst,Sales,United States,Columbus,Employed,,,
E00436,Everly Walker,HRIS Analyst,Human Resources,United States,Seattle,1/22/2014,,,
E04798,Aurora Ali,Manager,Marketing,United States,Seattle,Employed,,,
E01249,Penelope Guerrero,Vice President,IT,United States,Seattle,Employed,,,
E03349,Anna Mehta,Cloud Infrastructure Architect,IT,United States,Seattle,Employed,,,
E02966,William Foster,Field Engineer,Engineering,United States,Phoenix,9/26/2021,,,
E01499,Jade Rojas,Director,Finance,United States,Phoenix,Employed,,,
E00665,David Chu,Controls Engineer,Engineering,United States,Seattle,Employed,,,
E00254,Samuel Morales,Analyst II,Finance,United States,Phoenix,Employed,,,
E02166,John Soto,Sr. Manger,Finance,United States,Phoenix,Employed,,,
E00935,Joseph Martin,Analyst II,Marketing,United States,Miami,Employed,,,
E01525,Jose Ross,Engineering Manager,Engineering,United States,Miami,Employed,,,
E00386,Parker James,Quality Engineer,Engineering,United States,Austin,Employed,,,
E03383,Lincoln Hall,Director,Accounting,United States,Chicago,Employed,,,
E01258,Gabriel Brooks,Network Engineer,IT,United States,Miami,Employed,,,
E04562,Xavier Zheng,Account Representative,Sales,United States,Austin,Employed,,,
E02802,Matthew Chau,Sr. Business Partner,Human Resources,United States,Seattle,Employed,,,
E01427,Mia Cheng,Sr. Manger,Sales,United States,Phoenix,Employed,,,
E03890,Nevaeh Jones,Vice President,Sales,United States,Austin,Employed,,,
E01194,Samantha Adams,Test Engineer,Engineering,United States,Seattle,Employed,,,
E02875,Madeline Shin,Computer Systems Manager,IT,United States,Seattle,Employed,,,
E04959,Noah King,Development Engineer,Engineering,United States,Miami,Employed,,,
E01261,Connor Simmons,Analyst II,Accounting,United States,Miami,10/12/2018,,,
E03612,Grayson Cooper,Sr. Manger,Finance,United States,Columbus,Employed,,,
E01388,Ivy Soto,Field Engineer,Engineering,United States,Austin,Employed,,,
E03875,Aurora Simmons,Development Engineer,Engineering,United States,Austin,Employed,,,
E04413,Andrew Thomas,Controls Engineer,Engineering,United States,Columbus,Employed,,,
E00691,Ezekiel Desai,Director,Finance,United States,Seattle,Employed,,,
E04735,Nova Coleman,System Administrator ,IT,United States,Miami,Employed,,,
E02850,Evelyn Dinh,Director,Sales,United States,Columbus,Employed,,,
E03583,Brooks Marquez,Vice President,Sales,United States,Chicago,Employed,,,
E02017,Connor Joseph,Director,Human Resources,United States,Chicago,Employed,,,
E01642,Mia Lam,Sr. Manger,IT,United States,Austin,Employed,,,
E04131,Cora Rivera,Sr. Analyst,Marketing,United States,Seattle,Employed,,,
E02331,Sophia Huynh,Enterprise Architect,IT,United States,Miami,Employed,,,
E00417,Athena Carrillo,Analyst II,Finance,United States,Columbus,Employed,,,
E04267,Greyson Sanders,Cloud Infrastructure Architect,IT,United States,Chicago,Employed,,,
E03061,Vivian Lewis,Manager,Marketing,United States,Columbus,Employed,,,
E04265,Natalia Diaz,Operations Engineer,Engineering,United States,Austin,Employed,,,
E03042,Ava Nelson,Systems Analyst,IT,United States,Phoenix,Employed,,,
E03131,Ezekiel Reed,Sr. Manger,IT,United States,Miami,5/1/2021,,,
E00128,Everleigh Espinoza,Director,Human Resources,United States,Austin,Employed,,,
E00306,Mateo Williams,Enterprise Architect,IT,United States,Austin,Employed,,,
E00170,Hannah Nelson,Sr. Analyst,Marketing,United States,Austin,Employed,,,
E01425,Anthony Rogers,Vice President,Engineering,United States,Columbus,Employed,,,
E03567,Silas Chavez,Technical Architect,IT,United States,Columbus,Employed,,,
E00957,Genesis Perry,Sr. Manger,Sales,United States,Columbus,Employed,,,
E04458,Alexander Bryant,Field Engineer,Engineering,United States,Seattle,Employed,,,
E00521,Lily Carter,Network Architect,IT,United States,Phoenix,Employed,,,
E01533,Avery Bailey,Sr. Analyst,Sales,United States,Phoenix,Employed,,,
E02855,Piper Cheng,Enterprise Architect,IT,United States,Miami,Employed,,,
E00816,Skylar Watson,Network Architect,IT,United States,Phoenix,Employed,,,
E04888,Elijah Henry,Manager,IT,United States,Miami,Employed,,,
E03907,Camila Watson,Vice President,Finance,United States,Austin,Employed,,,
E02166,Lucas Thomas,Manager,Accounting,United States,Miami,Employed,,,
E00431,Skylar Doan,Sr. Business Partner,Human Resources,United States,Seattle,12/13/2013,,,
E01501,Hudson Liu,Engineering Manager,Engineering,United States,Miami,Employed,,,
E01141,Gianna Williams,Quality Engineer,Engineering,United States,Chicago,Employed,,,
E02942,Daniel Richardson,Director,Engineering,United States,Austin,Employed,,,
E04130,Elias Figueroa,Sr. Manger,Finance,United States,Phoenix,Employed,,,
E02848,Emma Brooks,Sr. Account Representative,Sales,United States,Austin,Employed,,,
E00085,Isla Wong,Vice President,Accounting,United States,Austin,Employed,,,
E03956,Everly Walker,Sr. Manger,Sales,United States,Austin,Employed,,,
E03506,Jaxson Mai,Vice President,Human Resources,United States,Austin,Employed,,,
E00568,Ava Garza,Director,Accounting,United States,Phoenix,Employed,,,
E00535,Nathan Mendez,Manager,IT,United States,Austin,Employed,,,
E04630,Maria Griffin,Manager,Marketing,United States,Miami,Employed,,,
E00874,Alexander Choi,Manager,Marketing,United States,Chicago,Employed,,,
E00941,Sophie Ali,Analyst,Finance,United States,Columbus,Employed,,,
E03446,Julian Ross,Manager,Marketing,United States,Miami,Employed,,,
E01361,Emma Hill,IT Coordinator,IT,United States,Miami,Employed,,,
E03719,Jack Brown,Analyst,Marketing,United States,Phoenix,Employed,,,
E02489,Ethan Clark,Sr. Business Partner,Human Resources,United States,Columbus,Employed,,,
E03189,Asher Jackson,Sr. Manger,Sales,United States,Columbus,Employed,,,
E02791,Aubrey Romero,Director,Sales,United States,Phoenix,Employed,,,
E02333,Jaxson Wright,Service Desk Analyst,IT,United States,Columbus,Employed,,,
E00233,Brooklyn Reyes,Service Desk Analyst,IT,United States,Columbus,Employed,,,
E02639,Hadley Parker,Vice President,Marketing,United States,Columbus,9/25/2017,,,
E00697,Jonathan Chavez,System Administrator ,IT,United States,Seattle,Employed,,,
E02183,Sarah Ayala,Analyst,Sales,United States,Seattle,Employed,,,
E00715,Elijah Kang,Vice President,Engineering,United States,Seattle,Employed,,,
E04288,Ella White,Development Engineer,Engineering,United States,Phoenix,Employed,,,
E02421,Jordan Truong,Director,Engineering,United States,Miami,Employed,,,
E00523,Daniel Jordan,Network Administrator,IT,United States,Phoenix,Employed,,,
E03615,Daniel Dixon,Operations Engineer,Engineering,United States,Austin,Employed,,,
E02121,Levi Brown,Sr. Analyst,Sales,United States,Chicago,Employed,,,
E01486,Mason Cho,Vice President,Accounting,United States,Chicago,Employed,,,
E03027,Elijah Watson,Sr. Manger,Sales,United States,Seattle,Employed,,,
E03689,Wesley Gray,Sr. Analyst,Accounting,United States,Seattle,Employed,,,
E01286,Mateo Mendez,Development Engineer,Engineering,United States,Austin,Employed,,,
E00626,Luna Simmons,Sr. Analyst,Finance,United States,Chicago,Employed,,,
E04342,Samantha Barnes,Vice President,Marketing,United States,Columbus,Employed,,,
E01291,Thomas Aguilar,Sr. Account Representative,Sales,United States,Phoenix,Employed,,,
E00917,Skylar Bell,Vice President,Engineering,United States,Columbus,Employed,,,
E03864,Ella Hunter,Analyst,Finance,United States,Columbus,Employed,,,
E00488,Emery Hunter,Sr. Analyst,Sales,United States,Phoenix,Employed,,,
E02227,Sofia Parker,Cloud Infrastructure Architect,IT,United States,Chicago,Employed,,,
E01970,Vivian Barnes,Director,Human Resources,United States,Phoenix,Employed,,,
E02813,Kai Chow,Engineering Manager,Engineering,United States,Austin,1/15/2010,,,
E02031,Melody Cooper,Development Engineer,Engineering,United States,Austin,Employed,,,
E04871,Liam Grant,Sr. Business Partner,Human Resources,United States,Phoenix,Employed,,,
E01070,Leonardo Martin,Manager,Finance,United States,Chicago,Employed,,,
E04359,Greyson Lam,Vice President,Accounting,United States,Miami,Employed,,,
E03268,Emilia Rivera,Test Engineer,Engineering,United States,Miami,Employed,,,
E04035,Penelope Johnson,Sr. Analyst,Marketing,United States,Chicago,6/5/2013,,,
E01221,Eva Figueroa,Analyst II,Sales,United States,Seattle,Employed,,,
E00276,Ezekiel Jordan,Sr. Manger,Accounting,United States,Columbus,7/17/2020,,,
E01263,Adam Espinoza,Test Engineer,Engineering,United States,Seattle,Employed,,,
E03935,Cora Jiang,Vice President,IT,United States,Austin,Employed,,,
E00742,Cooper Mitchell,Manager,Sales,United States,Seattle,Employed,,,
E01860,Jack Edwards,Manager,Marketing,United States,Columbus,Employed,,,
E02285,Aria Xi,Director,Sales,United States,Seattle,Employed,,,
E01921,Sarah Daniels,Sr. Manger,Accounting,United States,Miami,Employed,,,
E00813,Autumn Joseph,Enterprise Architect,IT,United States,Miami,Employed,,,
E00870,Evelyn Liang,Service Desk Analyst,IT,United States,Seattle,Employed,,,
E00245,Benjamin Delgado,Test Engineer,Engineering,United States,Austin,Employed,,,
E00976,Zoe Rodriguez,Director,Human Resources,United States,Phoenix,Employed,,,
E01807,Cameron Evans,Test Engineer,Engineering,United States,Columbus,Employed,,,
E01412,Eva Jenkins,Sr. Manger,Human Resources,United States,Chicago,Employed,,,
E04386,Cameron Powell,Business Partner,Human Resources,United States,Austin,6/17/2008,,,
E01232,Samantha Foster,Vice President,Human Resources,United States,Austin,Employed,,,
E04572,Jade Li,Director,IT,United States,Seattle,Employed,,,
E02747,Kinsley Acosta,Vice President,IT,United States,Chicago,Employed,,,
E01064,Clara Kang,Sr. Manger,IT,United States,Phoenix,Employed,,,
E00178,Harper Alexander,Sr. Analyst,Sales,United States,Phoenix,Employed,,,
E01091,Carter Reed,Development Engineer,Engineering,United States,Seattle,Employed,,,
E01309,Everleigh Jiang,Director,Accounting,United States,Columbus,Employed,,,
E02378,Audrey Smith,Field Engineer,Engineering,United States,Columbus,Employed,,,
E04127,Emery Acosta,Vice President,Sales,United States,Columbus,Employed,,,
E02072,Charles Robinson,HRIS Analyst,Human Resources,United States,Seattle,Employed,,,
E00187,Miles Mehta,Director,Finance,United States,Miami,Employed,,,
E04332,Ezra Simmons,Automation Engineer,Engineering,United States,Phoenix,Employed,,,
E00273,David Owens,Sr. Analyst,Sales,United States,Austin,Employed,,,
E00691,Avery Yee,Systems Analyst,IT,United States,Miami,Employed,,,
E00825,Anna Molina,Sr. Analyst,Accounting,United States,Columbus,Employed,,,
E04972,Logan Bryant,Sr. Manger,Marketing,United States,Miami,Employed,,,
E03941,Isla Han,Technical Architect,IT,United States,Chicago,Employed,,,
E02148,Christopher Vega,Engineering Manager,Engineering,United States,Chicago,Employed,,,
E04477,Connor Grant,Sr. Analyst,Accounting,United States,Seattle,Employed,,,
E04348,Natalia Owens,Manager,Human Resources,United States,Austin,Employed,,,
E04222,Quinn Xiong,Test Engineer,Engineering,United States,Columbus,Employed,,,
E04126,Dominic Baker,Sr. Analyst,Accounting,United States,Chicago,Employed,,,
E01896,Adam Nelson,Director,Finance,United States,Chicago,7/27/2021,,,
E03018,Autumn Reed,Development Engineer,Engineering,United States,Miami,Employed,,,
E03325,Robert Edwards,HRIS Analyst,Human Resources,United States,Seattle,Employed,,,
E01902,Eleanor Li,Sr. Manger,Human Resources,United States,Chicago,Employed,,,
E01466,Connor Vang,Analyst,Sales,United States,Miami,Employed,,,
E03474,Violet Hall,Solutions Architect,IT,United States,Chicago,Employed,,,
E02744,Dylan Padilla,HRIS Analyst,Human Resources,United States,Seattle,Employed,,,
E00702,Nathan Pham,Sr. Manger,Accounting,United States,Seattle,Employed,,,
E03081,Ayla Brown,Sr. Manger,Sales,United States,Phoenix,Employed,,,
E01281,Isaac Mitchell,Network Architect,IT,United States,Austin,Employed,,,
E01753,Connor Fong,Manager,Accounting,United States,Seattle,Employed,,,
E04072,Emery Mitchell,Vice President,Finance,United States,Seattle,Employed,,,
E00672,Landon Luu,Vice President,IT,United States,Miami,Employed,,,
E04419,Sophia Ahmed,Sr. Manger,Sales,United States,Seattle,Employed,,,
E00467,Sofia Dinh,Operations Engineer,Engineering,United States,Chicago,4/14/2005,,,
E00306,Piper Patterson,Quality Engineer,Engineering,United States,Chicago,Employed,,,
E03292,Cora Evans,Computer Systems Manager,IT,United States,Austin,Employed,,,
E04779,Cameron Young,Vice President,Engineering,United States,Seattle,Employed,,,
E00501,Melody Ho,Analyst II,Finance,United States,Columbus,Employed,,,
E01132,Aiden Bryant,Account Representative,Sales,United States,Columbus,Employed,,,
E00556,Grayson Walker,Director,Accounting,United States,Seattle,4/24/2020,,,
E00311,Scarlett Figueroa,Business Partner,Human Resources,United States,Miami,Employed,,,
E04378,Ezra Simmons,Network Administrator,IT,United States,Austin,Employed,,,
E03251,Ruby Medina,Director,Sales,United States,Seattle,Employed,,,
E03908,Miles Evans,Network Architect,IT,United States,Miami,Employed,,,
E01351,Leo Owens,Systems Analyst,IT,United States,Seattle,Employed,,,
E02681,Caroline Owens,Director,IT,United States,Phoenix,Employed,,,
E03807,Kennedy Do,Computer Systems Manager,IT,United States,Phoenix,Employed,,,
E00422,Jade Acosta,Development Engineer,Engineering,United States,Seattle,Employed,,,
E00265,Mila Vasquez,Quality Engineer,Engineering,United States,Columbus,Employed,,,
E04601,Allison Ayala,Analyst,Finance,United States,Austin,Employed,,,
E02914,Maria Wilson,Vice President,Engineering,United States,Columbus,Employed,,,
E03268,Everly Coleman,Vice President,IT,United States,Columbus,Employed,,,
E04290,Hannah Gomez,Technical Architect,IT,United States,Miami,Employed,,,
E03630,Jacob Davis,Director,Accounting,United States,Chicago,Employed,,,
E03045,Andrew Huynh,Business Partner,Human Resources,United States,Miami,10/11/1998,,,
E04877,Samuel Vega,Analyst II,Marketing,United States,Miami,Employed,,,
E04590,Isaac Sanders,HRIS Analyst,Human Resources,United States,Miami,Employed,,,
E01378,Genesis Xiong,System Administrator ,IT,United States,Columbus,Employed,,,
E04224,Lucas Ramos,Sr. Business Partner,Human Resources,United States,Phoenix,Employed,,,
E03423,Santiago f Gonzalez,Manager,Sales,United States,Seattle,Employed,,,
E01584,Henry Zhu,Vice President,Marketing,United States,Austin,Employed,,,
E00834,Vivian Guzman,Analyst II,Finance,United States,Phoenix,Employed,,,
E04571,Hadley Contreras,Director,Engineering,United States,Austin,Employed,,,
E00399,Connor Walker,Analyst II,Finance,United States,Columbus,Employed,,,
E00836,Addison Roberts,Network Architect,IT,United States,Seattle,Employed,,,
E00360,Dylan Thao,Director,Engineering,United States,Seattle,Employed,,,
E02861,Daniel Perry,Enterprise Architect,IT,United States,Columbus,Employed,,,
E01357,Paisley Hunter,Engineering Manager,Engineering,United States,Chicago,Employed,,,
E04387,Everleigh White,Network Architect,IT,United States,Phoenix,Employed,,,
E03591,Piper Sun,Director,Marketing,United States,Seattle,Employed,,,
E03328,Lucy Johnson,Manager,IT,United States,Columbus,Employed,,,
E04937,Ian Ngo,Manager,Sales,United States,Phoenix,Employed,,,
E00515,Joseph Vazquez,Sr. Manger,Accounting,United States,Miami,Employed,,,
E03255,Jose Brown,System Administrator ,IT,United States,Seattle,Employed,,,
E01711,Benjamin Ford,Analyst II,Finance,United States,Phoenix,Employed,,,
E04972,Ivy Daniels,Sr. Manger,Human Resources,United States,Columbus,Employed,,,
E04749,Caroline Phan,Sr. Manger,Finance,United States,Austin,Employed,,,
E02023,Maverick Mehta,Systems Analyst,IT,United States,Seattle,Employed,,,
E03166,Austin Edwards,IT Coordinator,IT,United States,Chicago,Employed,,,
E02599,Daniel Huang,Vice President,Human Resources,United States,Columbus,Employed,,,
E00085,Mason Watson,Sr. Manger,IT,United States,Chicago,Employed,,,
E02108,Madeline Coleman,Sr. Manger,Finance,United States,Chicago,8/16/2007,,,
E03685,Silas Hunter,Solutions Architect,IT,United States,Chicago,Employed,,,
E01089,Nicholas Brooks,Analyst II,Accounting,United States,Phoenix,Employed,,,
E03988,Dominic Thomas,Analyst II,Marketing,United States,Austin,Employed,,,
E00401,Wesley Adams,System Administrator ,IT,United States,Seattle,Employed,,,
E02417,Alice Young,Automation Engineer,Engineering,United States,Chicago,Employed,,,
E00359,Logan Carrillo,Sr. Analyst,Marketing,United States,Miami,Employed,,,
E02044,Caroline Alexander,Business Partner,Human Resources,United States,Columbus,Employed,,,
E01479,Serenity Bailey,IT Systems Architect,IT,United States,Chicago,Employed,,,
E02769,Eliza Adams,Account Representative,Sales,United States,Chicago,Employed,,,
E00553,Isla Yoon,Quality Engineer,Engineering,United States,Austin,8/4/2019,,,
E03540,Emma Perry,Solutions Architect,IT,United States,Seattle,Employed,,,
E02769,Riley Marquez,Sr. Manger,Finance,United States,Chicago,Employed,,,
E01807,Matthew Lim,Sr. Analyst,Sales,United States,Seattle,Employed,,,
E01762,Maya Ngo,Manager,Sales,United States,Columbus,Employed,,,
E04226,Andrew Moore,Operations Engineer,Engineering,United States,Chicago,Employed,,,
E04101,Olivia Harris,Director,Sales,United States,Columbus,Employed,,,
E01981,Genesis Banks,Analyst,Finance,United States,Chicago,Employed,,,
E02534,Victoria Johnson,Sr. Manger,Accounting,United States,Columbus,Employed,,,
E01238,Eloise Griffin,Director,Sales,United States,Austin,Employed,,,
E01118,Roman Yang,Manager,Human Resources,United States,Phoenix,Employed,,,
E04308,Kai Flores,Development Engineer,Engineering,United States,Seattle,Employed,,,
E02295,Axel Jordan,Analyst,Sales,United States,Chicago,Employed,,,
E04546,Jade Hunter,Cloud Infrastructure Architect,IT,United States,Columbus,Employed,,,
E04217,Lydia Williams,System Administrator ,IT,United States,Chicago,Employed,,,
E04645,Elias Ahmed,Vice President,Marketing,United States,Chicago,Employed,,,
E03880,Samantha Woods,Analyst,Accounting,United States,Phoenix,Employed,,,
E04517,Amelia Choi,Manager,Marketing,United States,Miami,Employed,,,
E04639,Luna Taylor,Network Administrator,IT,United States,Seattle,Employed,,,
E00465,Dominic Parker,Test Engineer,Engineering,United States,Seattle,Employed,,,
E04927,Ezekiel Bryant,Sr. Analyst,Finance,United States,Miami,Employed,,,
E03799,Natalie Hwang,Sr. Analyst,Finance,United States,Phoenix,Employed,,,
E02633,Allison Roberts,Vice President,Sales,United States,Columbus,Employed,,,
E02965,Andrew Do,Sr. Manger,Finance,United States,Seattle,Employed,,,
E04345,Eliana Grant,Engineering Manager,Engineering,United States,Chicago,Employed,,,
E01132,Gabriella Johnson,Computer Systems Manager,IT,United States,Seattle,8/8/2015,,,
E02943,Bella Lopez,Sr. Analyst,Marketing,United States,Chicago,Employed,,,
E03461,Nathan Lau,Business Partner,Human Resources,United States,Austin,7/12/2020,,,
E03490,Henry Campos,Sr. Manger,Human Resources,United States,Phoenix,Employed,,,
E04466,Connor Bell,Network Administrator,IT,United States,Austin,Employed,,,
E03226,Angel Stewart,Vice President,Finance,United States,Seattle,Employed,,,
E04607,Landon Brown,Vice President,Marketing,United States,Columbus,Employed,,,
E02190,Gabriel Carter,Test Engineer,Engineering,United States,Columbus,Employed,,,
E00747,Leilani Baker,Technical Architect,IT,United States,Seattle,Employed,,,
E01416,Hudson Thompson,Analyst II,Accounting,United States,Phoenix,Employed,,,
E01524,Ian Miller,Computer Systems Manager,IT,United States,Austin,Employed,,,
E02801,Santiago f Brooks,Sr. Manger,Sales,United States,Phoenix,Employed,,,
E01952,Everett Lee,Network Administrator,IT,United States,Columbus,Employed,,,
E00116,Madelyn Mehta,Analyst,Sales,United States,Phoenix,Employed,,,
E00624,William Watson,Director,Accounting,United States,Miami,Employed,,,
E00218,David Desai,Vice President,Sales,United States,Austin,Employed,,,
E01070,Grayson Brown,Vice President,IT,United States,Chicago,Employed,,,
E04925,Athena Jordan,System Administrator ,IT,United States,Seattle,Employed,,,
E00403,Liliana Soto,Business Partner,Human Resources,United States,Austin,Employed,,,
E00436,Lincoln Reyes,Computer Systems Manager,IT,United States,Seattle,Employed,,,
E04358,Grayson Soto,Business Partner,Human Resources,United States,Columbus,Employed,,,
E04662,Julia Morris,Sr. Manger,Human Resources,United States,Phoenix,Employed,,,
E01496,Ava Ortiz,Enterprise Architect,IT,United States,Columbus,Employed,,,
E03971,Lillian Chen,Sr. Manger,Marketing,United States,Columbus,Employed,,,
E03616,Josiah Lewis,Manager,IT,United States,Austin,Employed,,,
E00153,Claire Jones,Field Engineer,Engineering,United States,Seattle,Employed,,,
E02960,Nova Hill,Sr. Analyst,Accounting,United States,Chicago,Employed,,,
E02140,Naomi Zhao,Vice President,Human Resources,United States,Miami,Employed,,,
E03881,Andrew Reed,System Administrator ,IT,United States,Miami,4/11/2022,,,
E02604,Brooklyn Collins,Sr. Manger,Finance,United States,Austin,Employed,,,
E00864,Samantha Aguilar,Manager,Accounting,United States,Seattle,Employed,,,
E03223,Ethan Joseph,IT Coordinator,IT,United States,Columbus,Employed,,,
E00364,Matthew Howard,Director,Human Resources,United States,Columbus,Employed,,,
E03720,Genesis Hunter,Manager,Finance,United States,Chicago,Employed,,,
E03371,Jack Alexander,Vice President,IT,United States,Miami,Employed,,,
E02531,Jameson Foster,Analyst,Marketing,United States,Columbus,Employed,,,
E02468,Ella Huang,Vice President,Marketing,United States,Chicago,Employed,,,
E01499,Liam Jordan,Computer Systems Manager,IT,United States,Phoenix,Employed,,,
E03697,Isaac Woods,Manager,Sales,United States,Miami,Employed,,,
E00593,Luke Wilson,Solutions Architect,IT,United States,Miami,Employed,,,
E01103,Lyla Alvarez,IT Systems Architect,IT,United States,Phoenix,Employed,,,
E01958,Angel Lin,Network Administrator,IT,United States,Chicago,Employed,,,
E01870,Easton Moore,Computer Systems Manager,IT,United States,Seattle,Employed,,,
E01167,Kinsley Collins,Automation Engineer,Engineering,United States,Phoenix,Employed,,,
E00099,Brooklyn Salazar,IT Systems Architect,IT,United States,Austin,Employed,,,
E00044,Scarlett Jenkins,Vice President,IT,United States,Miami,Employed,,,
E00711,Melody Chin,Sr. Manger,Finance,United States,Chicago,Employed,,,
E04795,Eloise Alexander,Vice President,Human Resources,United States,Seattle,Employed,,,
E03912,Carter Turner,Sr. Analyst,Marketing,United States,Phoenix,Employed,,,
E04756,Aiden Le,Cloud Infrastructure Architect,IT,United States,Austin,Employed,,,
E03305,Hannah King,Manager,Accounting,United States,Chicago,Employed,,,
E00703,Wesley Dominguez,Engineering Manager,Engineering,United States,Chicago,Employed,,,
E00103,Nora Park,Director,Accounting,United States,Columbus,Employed,,,
E01194,Ella Jenkins,Analyst II,Finance,United States,Phoenix,Employed,,,
E02179,Peyton Owens,Controls Engineer,Engineering,United States,Chicago,Employed,,,
E04242,Alice Lopez,Test Engineer,Engineering,United States,Seattle,Employed,,,
E03065,Ezra Ortiz,Quality Engineer,Engineering,United States,Miami,Employed,,,
E03097,Brooks Stewart,HRIS Analyst,Human Resources,United States,Columbus,Employed,,,
E02088,Skylar Ayala,Sr. Manger,Finance,United States,Phoenix,Employed,,,
E03980,Lydia Huynh,Account Representative,Sales,United States,Chicago,Employed,,,
E00824,Everleigh Adams,Analyst II,Marketing,United States,Chicago,Employed,,,
E04359,Layla Salazar,Solutions Architect,IT,United States,Seattle,Employed,,,
E03113,Willow Chen,Manager,Accounting,United States,Austin,Employed,,,
E01488,Penelope Griffin,Director,Sales,United States,Seattle,Employed,,,
E01787,Lillian Romero,Director,Engineering,United States,Austin,Employed,,,
E03550,Stella Wu,Sr. Manger,Marketing,United States,Phoenix,Employed,,,
E01052,Parker Vang,Analyst,Sales,United States,Miami,Employed,,,
E04799,Mila Roberts,Sr. Business Partner,Human Resources,United States,Phoenix,Employed,,,
E04128,Jacob Doan,Analyst II,Sales,United States,Miami,Employed,,,
E00013,Raelynn Ma,Sr. Analyst,Finance,United States,Miami,Employed,,,
E03114,Jameson Juarez,Development Engineer,Engineering,United States,Miami,Employed,,,
E04004,Everleigh Shah,Test Engineer,Engineering,United States,Columbus,Employed,,,
E04472,Alexander Foster,Analyst II,Marketing,United States,Columbus,Employed,,,
E00161,Ryan Ha,Vice President,Marketing,United States,Miami,Employed,,,
E04417,Chloe Salazar,Sr. Manger,Human Resources,United States,Seattle,Employed,,,
E04536,Layla Scott,Sr. Manger,Accounting,United States,Phoenix,Employed,,,
E02857,Mason Jimenez,Sr. Manger,Finance,United States,Austin,5/18/2022,,,
E02856,Amelia Kaur,Operations Engineer,Engineering,United States,Columbus,Employed,,,
E00319,Ezra Wilson,Service Desk Analyst,IT,United States,Miami,Employed,,,
E01090,Jacob Cheng,Quality Engineer,Engineering,United States,Miami,Employed,,,
E04323,Melody Valdez,Director,IT,United States,Miami,5/18/2021,,,
E02687,Caroline Nelson,Vice President,Finance,United States,Chicago,Employed,,,
E02748,Genesis Zhu,Director,Finance,United States,Seattle,Employed,,,
E01995,Jonathan Ho,Vice President,IT,United States,Columbus,Employed,,,
E01714,Savannah Park,HRIS Analyst,Human Resources,United States,Seattle,Employed,,,
E04491,Nathan Chan,Cloud Infrastructure Architect,IT,United States,Seattle,Employed,,,
E01076,Sofia Vu,Sr. Manger,Human Resources,United States,Austin,Employed,,,
E04131,Ruby Choi,Analyst,Accounting,United States,Columbus,Employed,,,
E02843,Lily Pena,Manager,Human Resources,United States,Miami,Employed,,,
E03758,Liam Zhang,Director,Marketing,United States,Chicago,4/10/2022,,,
E00638,David Simmons,Manager,Marketing,United States,Phoenix,Employed,,,
E03571,Lincoln Henderson,Business Partner,Human Resources,United States,Chicago,Employed,,,
E01820,Nathan Miller,Quality Engineer,Engineering,United States,Miami,1/7/2021,,,
E02706,Lucy Figueroa,Sr. Manger,Finance,United States,Columbus,Employed,,,
E02478,Alexander Morris,Manager,Sales,United States,Phoenix,Employed,,,
E04170,Grayson Chin,Vice President,IT,United States,Austin,Employed,,,
E00929,Allison Espinoza,Solutions Architect,IT,United States,Miami,Employed,,,
E03824,Jameson Martin,Technical Architect,IT,United States,Phoenix,Employed,,,
E02857,Valentina Davis,Analyst,Sales,United States,Miami,Employed,,,
E04938,Brooklyn Daniels,Analyst,Marketing,United States,Miami,Employed,,,
E01639,Everleigh Simmons,Analyst,Finance,United States,Chicago,Employed,,,
E03947,Logan Soto,Vice President,Finance,United States,Columbus,Employed,,,
E04535,Charlotte Vo,System Administrator ,IT,United States,Seattle,Employed,,,
E00380,Alice Thompson,Vice President,Accounting,United States,Seattle,Employed,,,
E02628,Nora Nelson,Analyst II,Finance,United States,Columbus,Employed,,,
E03578,Maverick Li,Analyst II,Sales,United States,Austin,Employed,,,
E03563,Ian Barnes,Operations Engineer,Engineering,United States,Miami,2/2/2021,,,
E02781,Athena Vu,Director,Accounting,United States,Miami,Employed,,,
E04739,Ruby Washington,Analyst,Marketing,United States,Seattle,6/9/2015,,,
E02665,Bella Butler,Sr. Manger,Finance,United States,Seattle,Employed,,,
E04132,Kinsley Henry,Director,Marketing,United States,Miami,Employed,,,
E03890,Everett Khan,Solutions Architect,IT,United States,Chicago,Employed,,,
E02012,Anna Han,System Administrator ,IT,United States,Austin,Employed,,,
E03750,Jordan Cho,Analyst II,Accounting,United States,Phoenix,Employed,,,
E00605,Nova Williams,Manager,Finance,United States,Miami,Employed,,,
E04641,Scarlett Hill,Director,Engineering,United States,Columbus,6/20/2022,,,
E01019,Dominic Scott,Sr. Analyst,Sales,United States,Phoenix,Employed,,,
E01519,Anthony Marquez,Vice President,IT,United States,Columbus,Employed,,,
E03694,Elena Patterson,Vice President,Finance,United States,Chicago,Employed,,,
E01123,Madison Nelson,Director,Accounting,United States,Miami,Employed,,,
E01366,William Walker,Computer Systems Manager,IT,United States,Columbus,3/8/2021,,,
E04005,Lincoln Wong,Sr. Analyst,Finance,United States,Columbus,Employed,,,
E04018,Emery Ford,Analyst II,Marketing,United States,Austin,Employed,,,
E01591,Paisley Trinh,Technical Architect,IT,United States,Austin,12/18/1994,,,
E04940,Hudson Williams,Vice President,Sales,United States,Austin,Employed,,,
E03870,Madeline Allen,Cloud Infrastructure Architect,IT,United States,Seattle,Employed,,,
E01927,Charles Moore,Technical Architect,IT,United States,Miami,Employed,,,
E03984,Hailey Foster,Controls Engineer,Engineering,United States,Chicago,Employed,,,
E00446,Hudson Hill,Sr. Analyst,Sales,United States,Austin,Employed,,,
E02825,Wyatt Li,Vice President,Engineering,United States,Chicago,Employed,,,
E04174,Maverick Henry,Computer Systems Manager,IT,United States,Chicago,Employed,,,
E01899,Xavier Jackson,Vice President,Marketing,United States,Miami,Employed,,,
E02562,Christian Medina,Analyst,Marketing,United States,Columbus,Employed,,,
E01006,Autumn Leung,Vice President,Finance,United States,Chicago,Employed,,,
E02903,Robert Vazquez,System Administrator ,IT,United States,Austin,Employed,,,
E03642,Aria Roberts,Manager,Accounting,United States,Seattle,Employed,,,
E02884,Axel Johnson,Director,Human Resources,United States,Seattle,Employed,,,
E04720,Christopher Chung,Controls Engineer,Engineering,United States,Phoenix,Employed,,,
E01985,Eliana Turner,Account Representative,Sales,United States,Austin,Employed,,,
E02415,Penelope Gonzalez,Sr. Analyst,Sales,United States,Phoenix,Employed,,,
E02877,Mila Allen,Controls Engineer,Engineering,United States,Miami,10/22/2021,,,
E00091,Emilia Chu,Analyst II,Finance,United States,Austin,Employed,,,
E02563,Emily Clark,Vice President,Accounting,United States,Miami,Employed,,,
E04221,Roman King,Analyst II,Finance,United States,Columbus,Employed,,,
E04887,Emery Do,Account Representative,Sales,United States,Columbus,Employed,,,
E03170,Autumn Thao,Account Representative,Sales,United States,Phoenix,4/3/2019,,,
E01636,Naomi Coleman,Manager,Marketing,United States,Phoenix,Employed,,,
E01363,Ayla Daniels,Technical Architect,IT,United States,Miami,Employed,,,
E02249,Allison Daniels,Manager,Finance,United States,Phoenix,Employed,,,
E02987,Mateo Harris,Manager,IT,United States,Columbus,Employed,,,
E03655,Samantha Rogers,Analyst,Marketing,United States,Miami,Employed,,,
E04048,Julian Lee,IT Systems Architect,IT,United States,Seattle,Employed,,,
E03626,Nicholas Avila,Enterprise Architect,IT,United States,Austin,Employed,,,
E03694,Hailey Watson,Sr. Manger,Accounting,United States,Columbus,Employed,,,
E02920,Willow Woods,Vice President,Human Resources,United States,Miami,Employed,,,
E03220,Alexander Gonzales,Manager,Accounting,United States,Phoenix,Employed,,,
E03968,Joshua Chin,Sr. Manger,Marketing,United States,Phoenix,Employed,,,
E04299,Paisley Hall,Director,Human Resources,United States,Columbus,Employed,,,
E01150,Allison Leung,Sr. Analyst,Sales,United States,Austin,Employed,,,
E03774,Hannah Mejia,Vice President,Marketing,United States,Austin,Employed,,,
E01877,Abigail Garza,Analyst,Accounting,United States,Seattle,Employed,,,
E00440,Adeline Thao,Vice President,Finance,United States,Seattle,Employed,,,
E00145,Kinsley Dixon,Analyst,Accounting,United States,Miami,Employed,,,
E04150,Natalia Vu,Analyst,Accounting,United States,Columbus,Employed,,,
E04247,Camila Evans,Manager,Marketing,United States,Miami,Employed,,,
E02613,Everly Lai,Vice President,Marketing,United States,Chicago,Employed,,,
E03648,Vivian Hunter,Account Representative,Sales,United States,Seattle,Employed,,,
E03981,Eliana Li,Test Engineer,Engineering,United States,Miami,Employed,,,
E03262,Logan Mitchell,Analyst II,Marketing,United States,Columbus,Employed,,,
E02716,Dominic Dinh,Sr. Manger,Marketing,United States,Chicago,Employed,,,
E00245,Lucas Daniels,Manager,Sales,United States,Chicago,Employed,,,
E04123,Andrew Holmes,Vice President,IT,United States,Miami,Employed,,,
E03471,Julia Sandoval,Manager,Human Resources,United States,Miami,Employed,,,
E01966,Thomas Williams,Field Engineer,Engineering,United States,Columbus,Employed,,,
E03694,Eli Reed,Systems Analyst,IT,United States,Miami,12/22/2017,,,
E04766,Lyla Yoon,Vice President,Accounting,United States,Austin,Employed,,,
E01465,Hannah White,Sr. Manger,Accounting,United States,Phoenix,Employed,,,
E04088,Ezra Liang,Vice President,Finance,United States,Miami,Employed,,,
E03227,Eli Richardson,IT Coordinator,IT,United States,Seattle,Employed,,,
E00607,Jameson Allen,Director,Marketing,United States,Seattle,Employed,,,
E02258,Eliza Chen,Enterprise Architect,IT,United States,Austin,Employed,,,
E03681,Lyla Chen,Sr. Business Partner,Human Resources,United States,Chicago,Employed,,,
E02298,Emily Doan,Engineering Manager,Engineering,United States,Phoenix,Employed,,,
E02440,Grayson Turner,Solutions Architect,IT,United States,Chicago,10/26/2014,,,
E03579,Robert Zhang,Vice President,Marketing,United States,Phoenix,8/17/2022,,,
E00170,Claire Adams,Director,Sales,United States,Phoenix,Employed,,,
E00810,Hunter Nunez,Vice President,Human Resources,United States,Seattle,Employed,,,
E02798,Charles Henderson,Systems Analyst,IT,United States,Austin,Employed,,,
E04542,Camila Cortez,Manager,Marketing,United States,Phoenix,5/24/2021,,,
E02818,Aaron Garza,Director,Sales,United States,Columbus,6/9/2020,,,
E02907,Jose Singh,Sr. Manger,Finance,United States,Columbus,Employed,,,
E00023,Gabriel Joseph,Director,Engineering,United States,Miami,Employed,,,
E01429,Dylan Wilson,Network Administrator,IT,United States,Seattle,4/8/2007,,,
E01249,Samuel Bailey,Vice President,Accounting,United States,Seattle,Employed,,,
E04732,Benjamin Ramirez,Network Engineer,IT,United States,Chicago,4/22/2006,,,
E03834,Anthony Carter,Director,Engineering,United States,Columbus,5/30/2008,,,
E02923,Ethan Tang,Sr. Analyst,Accounting,United States,Chicago,Employed,,,
E02642,Sebastian Rogers,HRIS Analyst,Human Resources,United States,Miami,4/20/2022,,,
E00981,Miles Thao,System Administrator ,IT,United States,Columbus,Employed,,,
E04547,Avery Grant,Enterprise Architect,IT,United States,Chicago,Employed,,,
E04484,Vivian Thao,Quality Engineer,Engineering,United States,Chicago,Employed,,,
E01209,Jayden Williams,Manager,Human Resources,United States,Columbus,Employed,,,
E02024,Amelia Bell,Sr. Analyst,Sales,United States,Seattle,Employed,,,
E02427,Addison Mehta,Manager,Sales,United States,Columbus,Employed,,,
E00276,Alexander Jackson,Manager,Human Resources,United States,Columbus,Employed,,,
E03248,Lyla Stewart,Sr. Manger,IT,United States,Austin,Employed,,,
E04444,Brooklyn Ruiz,IT Coordinator,IT,United States,Phoenix,Employed,,,
E02307,Skylar Evans,Director,Accounting,United States,Austin,Employed,,,
E02375,Lincoln Huynh,Sr. Manger,Finance,United States,Austin,Employed,,,
E02276,Hazel Griffin,Field Engineer,Engineering,United States,Phoenix,Employed,,,
E00503,Leah Patterson,Manager,Human Resources,United States,Austin,Employed,,,
E00676,Isaac Yoon,Manager,Human Resources,United States,Chicago,Employed,,,
E02005,Isabella Bui,Enterprise Architect,IT,United States,Miami,Employed,,,
E00749,Valentina Moua,Account Representative,Sales,United States,Columbus,4/20/2021,,,
E01413,Caroline Nelson,Sr. Account Representative,Sales,United States,Columbus,Employed,,,
E03928,Miles Dang,IT Coordinator,IT,United States,Miami,Employed,,,
E04109,Leah Bryant,IT Coordinator,IT,United States,Austin,Employed,,,
E03994,Henry Jung,Automation Engineer,Engineering,United States,Austin,7/9/2021,,,
E00639,Benjamin Mai,System Administrator ,IT,United States,Phoenix,Employed,,,
E00608,Anna Han,Development Engineer,Engineering,United States,Chicago,Employed,,,
E02732,Alice Tran,Analyst,Marketing,United States,Seattle,Employed,,,
E01286,Liam Sanders,Sr. Business Partner,Human Resources,United States,Seattle,Employed,,,
E00412,Ezra Banks,Analyst II,Sales,United States,Chicago,Employed,,,
E01844,Jayden Kang,Analyst,Finance,United States,Seattle,Employed,,,
E00667,Skylar Shah,Field Engineer,Engineering,United States,Phoenix,Employed,,,
E00287,Luca Nelson,Manager,Finance,United States,Miami,Employed,,,
E02235,Riley Ramirez,Sr. Business Partner,Human Resources,United States,Chicago,Employed,,,
E03583,Kayden Jordan,Cloud Infrastructure Architect,IT,United States,Phoenix,Employed,,,
E01188,Alexander James,Sr. Manger,Human Resources,United States,Columbus,Employed,,,
E03289,Christopher Lam,Vice President,Accounting,United States,Columbus,Employed,,,
E01947,Sophie Owens,Analyst II,Finance,United States,Seattle,Employed,,,
E04249,Hadley Dang,Vice President,Accounting,United States,Austin,Employed,,,
E01090,Ethan Mehta,Director,Sales,United States,Phoenix,Employed,,,
E03830,Madison Her,Technical Architect,IT,United States,Seattle,Employed,,,
E04363,Savannah Singh,Director,Marketing,United States,Seattle,Employed,,,
E04920,Nevaeh Hsu,Sr. Manger,Human Resources,United States,Phoenix,Employed,,,
E03866,Jordan Zhu,Sr. Manger,Marketing,United States,Seattle,12/9/2017,,,
E04095,Sadie Patterson,Sr. Analyst,Accounting,United States,Seattle,Employed,,,
E04079,Christopher Butler,Network Architect,IT,United States,Miami,Employed,,,
E02259,Emily Lau,Sr. Analyst,Finance,United States,Phoenix,Employed,,,
E04972,Sophie Oh,Network Engineer,IT,United States,Miami,Employed,,,
E01834,Chloe Allen,Solutions Architect,IT,United States,Seattle,Employed,,,
E03124,Caleb Nelson,Director,Marketing,United States,Columbus,Employed,,,
E01898,Oliver Moua,IT Systems Architect,IT,United States,Seattle,Employed,,,
E03910,Nova Hsu,Manager,Human Resources,United States,Phoenix,Employed,,,
E01832,Ezra Singh,Analyst,Finance,United States,Austin,Employed,,,
E02391,Piper Ramos,Sr. Manger,Sales,United States,Miami,Employed,,,
E04697,Eleanor Williams,Enterprise Architect,IT,United States,Chicago,Employed,,,
E00371,Melody Grant,Quality Engineer,Engineering,United States,Seattle,Employed,,,
E02992,Paisley Sanders,Sr. Manger,Marketing,United States,Miami,Employed,,,
E04369,Santiago f Gray,Quality Engineer,Engineering,United States,Chicago,Employed,,,
E00592,Josephine Richardson,System Administrator ,IT,United States,Austin,12/14/1996,,,
E03532,Jaxson Santiago,Engineering Manager,Engineering,United States,Phoenix,Employed,,,
E00863,Lincoln Ramos,Operations Engineer,Engineering,United States,Austin,Employed,,,
E03310,Dylan Campbell,Director,Engineering,United States,Phoenix,Employed,,,
E01883,Olivia Gray,Manager,Marketing,United States,Columbus,Employed,,,
E00369,Genesis Woods,Manager,Human Resources,United States,Columbus,Employed,,,
E03278,Nevaeh James,Solutions Architect,IT,United States,Austin,Employed,,,
E02492,Parker Sandoval,Manager,Human Resources,United States,Miami,Employed,,,
E03055,Austin Rojas,Vice President,Finance,United States,Austin,Employed,,,
E00717,Axel Santos,Sr. Analyst,Accounting,United States,Phoenix,Employed,,,
E04637,Samuel Song,Director,Sales,United States,Columbus,Employed,,,
E00340,Eliana Allen,Business Partner,Human Resources,United States,Phoenix,Employed,,,
E04751,Grayson James,Operations Engineer,Engineering,United States,Seattle,Employed,,,
E01111,Santiago f Moua,Sr. Manger,Human Resources,United States,Chicago,Employed,,,
E03149,Layla Collins,IT Systems Architect,IT,United States,Austin,Employed,,,
E00952,Jaxon Powell,Field Engineer,Engineering,United States,Austin,Employed,,,
E04380,Naomi Washington,Manager,IT,United States,Austin,Employed,,,
E04095,Ryan Holmes,Sr. Manger,Marketing,United States,Columbus,Employed,,,
E04994,Bella Holmes,Director,Accounting,United States,Miami,Employed,,,
E03595,Christopher Howard,Enterprise Architect,IT,United States,Seattle,Employed,,,
E04464,Cooper Yoon,Engineering Manager,Engineering,United States,Austin,4/9/2021,,,
E02135,John Delgado,Cloud Infrastructure Architect,IT,United States,Austin,Employed,,,
E01684,Jaxson Liang,Field Engineer,Engineering,United States,Phoenix,Employed,,,
E03362,Lily Henderson,HRIS Analyst,Human Resources,United States,Phoenix,Employed,,,
E01108,Hannah Martinez,Manager,Marketing,United States,Miami,Employed,,,
E02217,William Phillips,Network Architect,IT,United States,Austin,Employed,,,
E03795,Hazel Young,Sr. Manger,Sales,United States,Austin,Employed,,,
E01582,Elijah Coleman,Sr. Manger,Sales,United States,Miami,Employed,,,
E04872,Isaac Stewart,Director,Marketing,United States,Miami,Employed,,,
E01337,Andrew Coleman,Director,Finance,United States,Miami,Employed,,,
E03637,Landon Thao,HRIS Analyst,Human Resources,United States,Phoenix,Employed,,,
E03455,Hadley Ford,Systems Analyst,IT,United States,Chicago,Employed,,,
E03354,Austin Brown,Director,Marketing,United States,Phoenix,Employed,,,
E02274,Isabella Bailey,Network Administrator,IT,United States,Phoenix,Employed,,,
E00480,Hadley Yee,Business Partner,Human Resources,United States,Seattle,Employed,,,
E00203,Julia Doan,Business Partner,Human Resources,United States,Columbus,5/31/2018,,,
E00647,Dylan Ali,Sr. Manger,Human Resources,United States,Phoenix,Employed,,,
E03296,Eloise Trinh,Solutions Architect,IT,United States,Miami,Employed,,,
E00647,Emily Gupta,HRIS Analyst,Human Resources,United States,Miami,Employed,,,
E02522,Silas Rivera,Vice President,Sales,United States,Chicago,Employed,,,
E00459,Jackson Jordan,Business Partner,Human Resources,United States,Phoenix,Employed,,,
E03007,Isaac Joseph,Analyst,Sales,United States,Seattle,Employed,,,
E00952,Leilani Thao,Director,Human Resources,United States,Seattle,Employed,,,
E03863,Madeline Watson,Account Representative,Sales,United States,Miami,8/14/2021,,,
E02710,Silas Huang,Engineering Manager,Engineering,United States,Miami,Employed,,,
E01895,Peyton Walker,Analyst,Marketing,United States,Miami,Employed,,,
E01339,Jeremiah Hernandez,Network Engineer,IT,United States,Columbus,1/15/2021,,,
E02938,Jace Washington,Manager,Accounting,United States,Phoenix,Employed,,,
E03379,Landon Kim,Manager,Human Resources,United States,Phoenix,Employed,,,
E02153,Peyton Vasquez,Analyst,Accounting,United States,Phoenix,Employed,,,
E00994,Charlotte Baker,Analyst II,Sales,United States,Austin,Employed,,,
E00869,Nova Lin,Cloud Infrastructure Architect,IT,United States,Columbus,Employed,,,
E00538,Caleb Xiong,Sr. Account Representative,Sales,United States,Chicago,Employed,,,
E01415,Henry Green,Sr. Account Representative,Sales,United States,Phoenix,Employed,,,
E00717,Madelyn Chan,Manager,Sales,United States,Phoenix,Employed,,,
E00225,Angel Delgado,Director,Finance,United States,Seattle,Employed,,,
E04978,Peyton Harris,Enterprise Architect,IT,United States,Miami,Employed,,,
E00880,Grace Carter,Sr. Manger,Human Resources,United States,Austin,Employed,,,
E04335,Parker Allen,Sr. Analyst,Sales,United States,Miami,Employed,,,
E04089,Sebastian Fong,Sr. Manger,IT,United States,Austin,Employed,,,
E02059,Roman Munoz,Sr. Manger,Sales,United States,Austin,Employed,,,
E03894,Charlotte Chang,Manager,Sales,United States,Chicago,Employed,,,
E03106,Xavier Davis,Vice President,Finance,United States,Seattle,Employed,,,
E01350,Natalie Carter,Director,Finance,United States,Austin,Employed,,,
E02900,Elena Richardson,Manager,Accounting,United States,Columbus,Employed,,,
E02202,Emilia Bailey,Vice President,Accounting,United States,Austin,Employed,,,
E02696,Ryan Lu,Development Engineer,Engineering,United States,Columbus,Employed,,,
E01722,Asher Huynh,Manager,IT,United States,Phoenix,Employed,,,
E00640,Paisley Bryant,Cloud Infrastructure Architect,IT,United States,Chicago,Employed,,,
E03412,Joshua Martin,Sr. Manger,Human Resources,United States,Phoenix,Employed,,,
E00646,Charles Moore,Analyst,Accounting,United States,Seattle,Employed,,,
E03580,Maverick Medina,Analyst II,Sales,United States,Seattle,Employed,,,
E00446,Isaac Han,Vice President,Human Resources,United States,Phoenix,Employed,,,
E01749,Nathan Lee,Analyst,Accounting,United States,Columbus,Employed,,,
E01338,Jaxson Coleman,Manager,Finance,United States,Miami,Employed,,,
E03000,Hailey Hong,Account Representative,Sales,United States,Chicago,Employed,,,
E02684,Aaron Maldonado,Analyst II,Finance,United States,Seattle,Employed,,,
E03168,Nora Le,Sr. Manger,IT,United States,Seattle,Employed,,,
E00758,Alice Roberts,Director,Human Resources,United States,Miami,5/24/2004,,,
E03691,Colton Garcia,Solutions Architect,IT,United States,Miami,Employed,,,
E01488,Stella Lai,Sr. Analyst,Accounting,United States,Miami,Employed,,,
E04415,Leonardo Luong,Manager,Finance,United States,Phoenix,Employed,,,
E03278,Nicholas Wong,Director,Sales,United States,Columbus,Employed,,,
E00282,Jeremiah Castillo,Analyst II,Accounting,United States,Columbus,Employed,,,
E00559,Penelope Silva,Network Architect,IT,United States,Columbus,Employed,,,
E02558,Jose Richardson,Director,Marketing,United States,Miami,Employed,,,
E00956,Eleanor Chau,Development Engineer,Engineering,United States,Phoenix,Employed,,,
E00126,Isabella Scott,Network Administrator,IT,United States,Phoenix,Employed,,,
E00481,Jameson Nelson,Network Architect,IT,United States,Columbus,Employed,,,
E02833,Adrian Fernandez,Systems Analyst,IT,United States,Columbus,Employed,,,
E03902,Madison Hunter,Network Administrator,IT,United States,Columbus,Employed,,,
E02310,Jordan Phillips,Vice President,Human Resources,United States,Columbus,Employed,,,
E00836,Wesley King,Manager,Accounting,United States,Chicago,Employed,,,
E00682,Sofia Fernandez,Manager,Accounting,United States,Phoenix,Employed,,,
E00287,Maverick Figueroa,IT Systems Architect,IT,United States,Chicago,Employed,,,
E04598,Violet Garcia,Sr. Analyst,Marketing,United States,Austin,Employed,,,
E03247,Aaliyah Mai,Vice President,IT,United States,Phoenix,3/26/2017,,,
E00156,Madelyn Scott,Sr. Manger,IT,United States,Phoenix,Employed,,,
E03349,Dylan Chin,Director,Finance,United States,Miami,Employed,,,
E00005,Riley Washington,Director,Sales,United States,Phoenix,Employed,,,
E04354,Raelynn Rios,Vice President,Sales,United States,Columbus,Employed,,,
E01578,Anthony Hong,Sr. Manger,IT,United States,Columbus,Employed,,,
E03058,Robert Wright,Technical Architect,IT,United States,Chicago,Employed,,,
E04762,Audrey Richardson,Director,IT,United States,Chicago,Employed,,,
E01148,Scarlett Kumar,Systems Analyst,IT,United States,Columbus,Employed,,,
E03094,Wesley Young,Sr. Analyst,Marketing,United States,Columbus,Employed,,,
E04398,Oliver Yang,Director,Marketing,United States,Miami,Employed,,,
E03545,Sofia Cheng,Vice President,Accounting,United States,Miami,Employed,,,
